Mind Meld: Secrets Behind the Voyage of a Lifetime,9.7,科幻,美国,https://movie.douban.com/subject/5131881/,https://img1.doubanio.com/view/photo/s_ratio_poster/public/p2511552687.jpg
瑞克与莫蒂之精致死尸,9.4,科幻,美国,https://movie.douban.com/subject/27101676/,https://img1.doubanio.com/view/photo/s_ratio_poster/public/p2494617459.jpg
怪诞小镇特别篇：松林之间,9.5,科幻,美国,https://movie.douban.com/subject/26744258/,https://img3.doubanio.com/view/photo/s_ratio_poster/public/p2324315416.jpg
旅行者号：冲出太阳系,9.5,科幻,美国,https://movie.douban.com/subject/23117105/,https://img3.doubanio.com/view/photo/s_ratio_poster/public/p1922704513.jpg
疑犯追踪 试播集,9.4,科幻,美国,https://movie.douban.com/subject/24700683/,https://img1.doubanio.com/view/photo/s_ratio_poster/public/p1974739828.jpg
历史频道 - 宇宙系列：大爆炸开始,9.4,科幻,美国,https://movie.douban.com/subject/4714475/,https://img3.doubanio.com/lpic/s4227350.jpg
盗梦空间,9.3,科幻,美国,https://movie.douban.com/subject/3541415/,https://img3.doubanio.com/view/photo/s_ratio_poster/public/p513344864.jpg
机器人总动员,9.3,科幻,美国,https://movie.douban.com/subject/2131459/,https://img3.doubanio.com/view/photo/s_ratio_poster/public/p449665982.jpg
旅行到宇宙边缘,9.3,科幻,美国,https://movie.douban.com/subject/3595323/,https://img3.doubanio.com/view/photo/s_ratio_poster/public/p1958040706.jpg
危险的日子：银翼杀手制作始末,9.3,科幻,美国,https://movie.douban.com/subject/3741153/,https://img1.doubanio.com/view/photo/s_ratio_poster/public/p2189124857.jpg
萤火虫10周年纪念,9.3,科幻,美国,https://movie.douban.com/subject/24882604/,https://img3.doubanio.com/view/photo/s_ratio_poster/public/p2161889323.jpg
守望先锋：荣耀,9.2,科幻,美国,https://movie.douban.com/subject/27191474/,https://img3.doubanio.com/view/photo/s_ratio_poster/public/p2507062050.jpg
守望先锋：双龙,9.3,科幻,美国,https://movie.douban.com/subject/26860017/,https://img3.doubanio.com/view/photo/s_ratio_poster/public/p2417863546.jpg
守望先锋：我们出发吧,9.1,科幻,美国,https://movie.douban.com/subject/27121211/,https://img3.doubanio.com/view/photo/s_ratio_poster/public/p2498314003.jpg
星际旅行：舰长峰会,9.2,科幻,美国,https://movie.douban.com/subject/6724026/,https://img1.doubanio.com/view/photo/s_ratio_poster/public/p2247382219.jpg
楚门的世界,9.1,科幻,美国,https://movie.douban.com/subject/1292064/,https://img3.doubanio.com/view/photo/s_ratio_poster/public/p479682972.jpg
星际穿越,9.1,科幻,美国,https://movie.douban.com/subject/1889243/,https://img3.doubanio.com/view/photo/s_ratio_poster/public/p2206088801.jpg
哈利·波特系列的50个精彩瞬间,9.1,科幻,美国,https://movie.douban.com/subject/6758119/,https://img1.doubanio.com/view/photo/s_ratio_poster/public/p2184324569.jpg
机器的复兴：第1部,9.1,科幻,美国,https://movie.douban.com/subject/2049553/,https://img3.doubanio.com/view/photo/s_ratio_poster/public/p2189949483.jpg
星际牛仔,9.6,科幻,日本,https://movie.douban.com/subject/26883616/,https://img3.doubanio.com/view/photo/s_ratio_poster/public/p2385967281.jpg
新世纪福音战士剧场版：Air/真心为你,9.4,科幻,日本,https://movie.douban.com/subject/1308892/,https://img1.doubanio.com/view/photo/s_ratio_poster/public/p2199653749.jpg
宇宙兄弟#0,9.3,科幻,日本,https://movie.douban.com/subject/25792658/,https://img3.doubanio.com/view/photo/s_ratio_poster/public/p2192962095.jpg
福音战士新剧场版：破,9.2,科幻,日本,https://movie.douban.com/subject/2567646/,https://img3.doubanio.com/view/photo/s_ratio_poster/public/p1026522114.jpg
新世纪福音战士剧场版：死与新生,9.2,科幻,日本,https://movie.douban.com/subject/1455442/,https://img3.doubanio.com/view/photo/s_ratio_poster/public/p2250120322.jpg
攻壳机动队SAC 2nd GIG：个别的十一人,9.2,科幻,日本,https://movie.douban.com/subject/2352020/,https://img3.doubanio.com/view/photo/s_ratio_poster/public/p2497028401.jpg
新世纪福音战士剧场版：复兴,9.2,科幻,日本,https://movie.douban.com/subject/20458867/,https://img3.doubanio.com/view/photo/s_ratio_poster/public/p2227584460.jpg
机动战士高达 THE ORIGIN III 破晓的起义,9.2,科幻,日本,https://movie.douban.com/subject/26359261/,https://img3.doubanio.com/view/photo/s_ratio_poster/public/p2325456546.jpg
银河英雄传说：我的征途是星辰大海,9.2,科幻,日本,https://movie.douban.com/subject/3542206/,https://img3.doubanio.com/view/photo/s_ratio_poster/public/p486657453.jpg
机动战士高达THE ORIGIN V 激战 鲁姆战役篇,9.2,科幻,日本,https://movie.douban.com/subject/26919026/,https://img1.doubanio.com/view/photo/s_ratio_poster/public/p2495283318.jpg
超时空游侠,9.2,科幻,日本,https://movie.douban.com/subject/3078572/,https://img1.doubanio.com/view/photo/s_ratio_poster/public/p1902970538.jpg
福音战士新剧场版：序,9.1,科幻,日本,https://movie.douban.com/subject/1968790/,https://img3.doubanio.com/view/photo/s_ratio_poster/public/p453715063.jpg
命运石之门：横行跋扈的浪荡之徒,9.1,科幻,日本,https://movie.douban.com/subject/10521690/,https://img3.doubanio.com/view/photo/s_ratio_poster/public/p1432532161.jpg
机器的复兴：第1部,9.1,科幻,日本,https://movie.douban.com/subject/2049553/,https://img3.doubanio.com/view/photo/s_ratio_poster/public/p2189949483.jpg
攻壳机动队SAC：笑面男,9.1,科幻,日本,https://movie.douban.com/subject/2078804/,https://img1.doubanio.com/view/photo/s_ratio_poster/public/p2207164758.jpg
机器的复兴：第2部,9.1,科幻,日本,https://movie.douban.com/subject/2049556/,https://img3.doubanio.com/view/photo/s_ratio_poster/public/p2189949652.jpg
天元突破剧场版：螺岩篇,9.1,科幻,日本,https://movie.douban.com/subject/3727748/,https://img3.doubanio.com/view/photo/s_ratio_poster/public/p937216094.jpg
银河英雄传说：新战争的序曲,9.1,科幻,日本,https://movie.douban.com/subject/3542229/,https://img1.doubanio.com/view/photo/s_ratio_poster/public/p2235783309.jpg
攻壳机动队2：无罪,9.0,科幻,日本,https://movie.douban.com/subject/1291566/,https://img1.doubanio.com/view/photo/s_ratio_poster/public/p453466108.jpg
凉宫春日的消失,9.0,科幻,日本,https://movie.douban.com/subject/4074292/,https://img3.doubanio.com/view/photo/s_ratio_poster/public/p2246432125.jpg
世界纪录,9.0,科幻,日本,https://movie.douban.com/subject/2049559/,https://img3.doubanio.com/view/photo/s_ratio_poster/public/p2189185870.jpg
机动战士高达：逆袭的夏亚,9.0,科幻,日本,https://movie.douban.com/subject/1401536/,https://img3.doubanio.com/view/photo/s_ratio_poster/public/p546980785.jpg
少女与战车 剧场版,9.0,科幻,日本,https://movie.douban.com/subject/24460604/,https://img1.doubanio.com/view/photo/s_ratio_poster/public/p2290872319.jpg
2112年 哆啦A梦诞生,9.0,科幻,日本,https://movie.douban.com/subject/3558793/,https://img1.doubanio.com/view/photo/s_ratio_poster/public/p2507589858.jpg
反叛的鲁路修特别篇：零之镇魂曲,9.0,科幻,日本,https://movie.douban.com/subject/6514089/,https://img1.doubanio.com/view/photo/s_ratio_poster/public/p2178971509.jpg
机动战士高达 THE ORIGIN IV 命运前夜,9.0,科幻,日本,https://movie.douban.com/subject/26359260/,https://img3.doubanio.com/view/photo/s_ratio_poster/public/p2409626594.jpg
飞跃巅峰！飞跃巅峰2！合体剧场版,9.0,科幻,日本,https://movie.douban.com/subject/5915807/,https://img1.doubanio.com/view/photo/s_ratio_poster/public/p2238703638.jpg
高智能方程式赛车 TV总集篇,9.0,科幻,日本,https://movie.douban.com/subject/4906417/,https://img3.doubanio.com/lpic/s4412555.jpg
新世纪福音战士 第0:0话 诞生之始,9.0,科幻,日本,https://movie.douban.com/subject/26306741/,https://img3.doubanio.com/view/photo/s_ratio_poster/public/p2222846543.jpg
宇宙快递,9.0,科幻,韩国,https://movie.douban.com/subject/25884822/,https://img3.doubanio.com/view/photo/s_ratio_poster/public/p2229847445.jpg
神秘博士：DT的视频日志：最后的日子,9.6,科幻,英国,https://movie.douban.com/subject/10508911/,https://img1.doubanio.com/view/photo/s_ratio_poster/public/p2317582899.jpg
神秘博士：2008逍遥音乐会,9.6,科幻,英国,https://movie.douban.com/subject/3712009/,https://img3.doubanio.com/view/photo/s_ratio_poster/public/p1349377394.jpg
凯特秀：喜剧插曲之神秘博士特别篇,9.6,科幻,英国,https://movie.douban.com/subject/25824839/,https://img3.doubanio.com/view/photo/s_ratio_poster/public/p2190387924.jpg
神秘博士：2006逍遥音乐会,9.6,科幻,英国,https://movie.douban.com/subject/5941689/,https://img3.doubanio.com/lpic/s4609003.jpg
时空冒险,9.5,科幻,英国,https://movie.douban.com/subject/24298647/,https://img3.doubanio.com/view/photo/s_ratio_poster/public/p2173858926.jpg
旅行者号：冲出太阳系,9.5,科幻,英国,https://movie.douban.com/subject/23117105/,https://img3.doubanio.com/view/photo/s_ratio_poster/public/p1922704513.jpg
五位(还嫌少)博士重启,9.5,科幻,英国,https://movie.douban.com/subject/25777719/,https://img1.doubanio.com/view/photo/s_ratio_poster/public/p2160377148.jpg
神秘博士：2010逍遥音乐会,9.4,科幻,英国,https://movie.douban.com/subject/5941690/,https://img3.doubanio.com/view/photo/s_ratio_poster/public/p2321153970.jpg
神秘博士：2013逍遥音乐会,9.5,科幻,英国,https://movie.douban.com/subject/25717159/,https://img3.doubanio.com/view/photo/s_ratio_poster/public/p2118848256.jpg
弗兰肯斯坦,9.4,科幻,英国,https://movie.douban.com/subject/10508921/,https://img3.doubanio.com/view/photo/s_ratio_poster/public/p2252273146.jpg
神秘博士2005慈善特辑：帮助儿童,9.4,科幻,英国,https://movie.douban.com/subject/10577674/,https://img3.doubanio.com/view/photo/s_ratio_poster/public/p1826505672.jpg
神秘博士：DT的视频日志,9.4,科幻,英国,https://movie.douban.com/subject/10553116/,https://img3.doubanio.com/view/photo/s_ratio_poster/public/p2172270020.jpg
神秘博士终极指南,9.4,科幻,英国,https://movie.douban.com/subject/25777630/,https://img1.doubanio.com/view/photo/s_ratio_poster/public/p2165084958.jpg
博士之日幕后揭秘,9.4,科幻,英国,https://movie.douban.com/subject/25810935/,https://img1.doubanio.com/view/photo/s_ratio_poster/public/p2186708457.jpg
盗梦空间,9.3,科幻,英国,https://movie.douban.com/subject/3541415/,https://img3.doubanio.com/view/photo/s_ratio_poster/public/p513344864.jpg
神秘博士特别篇：时间尽头(下),9.3,科幻,英国,https://movie.douban.com/subject/4215755/,https://img1.doubanio.com/view/photo/s_ratio_poster/public/p2151699747.jpg
神秘博士：天体音乐,9.2,科幻,英国,https://movie.douban.com/subject/5181578/,https://img3.doubanio.com/lpic/s6958586.jpg
神秘博士背后的科学,9.3,科幻,英国,https://movie.douban.com/subject/25773398/,https://img3.doubanio.com/view/photo/s_ratio_poster/public/p2159548712.jpg
神秘博士：再见，马特·史密斯,9.4,科幻,英国,https://movie.douban.com/subject/25966287/,https://img3.doubanio.com/view/photo/s_ratio_poster/public/p2206715301.jpg
神秘博士特别篇：时间尽头(上),9.2,科幻,英国,https://movie.douban.com/subject/4215662/,https://img3.doubanio.com/view/photo/s_ratio_poster/public/p2508913152.jpg
神秘博士：时间冲撞,9.2,科幻,英国,https://movie.douban.com/subject/4188543/,https://img3.doubanio.com/view/photo/s_ratio_poster/public/p523688466.jpg
人体奥妙之细胞的暗战,9.2,科幻,英国,https://movie.douban.com/subject/20515275/,https://img3.doubanio.com/view/photo/s_ratio_poster/public/p1843111780.jpg
2007红鼻子日慈善专场大表演,9.2,科幻,英国,https://movie.douban.com/subject/2124854/,https://img3.doubanio.com/view/photo/s_ratio_poster/public/p2185869236.jpg
最棒的同伴,9.2,科幻,英国,https://movie.douban.com/subject/20399058/,https://img1.doubanio.com/lpic/s24439949.jpg
星际穿越,9.1,科幻,英国,https://movie.douban.com/subject/1889243/,https://img3.doubanio.com/view/photo/s_ratio_poster/public/p2206088801.jpg
黑镜：圣诞特别篇,9.1,科幻,英国,https://movie.douban.com/subject/25964630/,https://img3.doubanio.com/view/photo/s_ratio_poster/public/p2233676442.jpg
哈利·波特系列的50个精彩瞬间,9.1,科幻,英国,https://movie.douban.com/subject/6758119/,https://img1.doubanio.com/view/photo/s_ratio_poster/public/p2184324569.jpg
哈勃的15年科学探索,9.1,科幻,英国,https://movie.douban.com/subject/3149040/,https://img3.doubanio.com/view/photo/s_ratio_poster/public/p1846835634.jpg
博士的女伴,9.1,科幻,英国,https://movie.douban.com/subject/11625156/,https://img3.doubanio.com/view/photo/s_ratio_poster/public/p1876814414.jpg
Pond一家最后的日子,9.1,科幻,英国,https://movie.douban.com/subject/25779232/,https://img3.doubanio.com/view/photo/s_ratio_poster/public/p2211974901.jpg
神秘博士圣诞时刻,9.1,科幻,英国,https://movie.douban.com/subject/21354158/,https://img3.doubanio.com/lpic/s24976003.jpg
虎王归来,9.1,科幻,英国,https://movie.douban.com/subject/24849943/,https://img3.doubanio.com/view/photo/s_ratio_poster/public/p2029447346.jpg
蝙蝠侠：黑暗骑士,9.0,科幻,英国,https://movie.douban.com/subject/1851857/,https://img3.doubanio.com/view/photo/s_ratio_poster/public/p462657443.jpg
神秘博士：火星之水,9.0,科幻,英国,https://movie.douban.com/subject/4144683/,https://img3.doubanio.com/view/photo/s_ratio_poster/public/p2151616662.jpg
双X：这个游戏的名称,9.0,科幻,英国,https://movie.douban.com/subject/1294819/,https://img3.doubanio.com/lpic/s3932346.jpg
彩虹,9.0,科幻,英国,https://movie.douban.com/subject/1971485/,https://img3.doubanio.com/view/photo/s_ratio_poster/public/p503390374.jpg
神秘博士：信息场,9.0,科幻,英国,https://movie.douban.com/subject/25824941/,https://img3.doubanio.com/view/photo/s_ratio_poster/public/p2169394973.jpg
神秘博士：2017圣诞特别篇,8.1,科幻,英国,https://movie.douban.com/subject/27064700/,https://img1.doubanio.com/view/photo/s_ratio_poster/public/p2508153147.jpg
最棒的怪物,9.0,科幻,英国,https://movie.douban.com/subject/20393812/,https://img1.doubanio.com/lpic/s24428449.jpg
穿越扬提尔森的音乐秘密,9.4,科幻,法国,https://movie.douban.com/subject/6038293/,https://img3.doubanio.com/view/photo/s_ratio_poster/public/p2398172331.jpg
虚幻勇士,9.1,科幻,法国,https://movie.douban.com/subject/3667535/,https://img3.doubanio.com/lpic/s3724393.jpg
哈勃的15年科学探索,9.1,科幻,德国,https://movie.douban.com/subject/3149040/,https://img3.doubanio.com/view/photo/s_ratio_poster/public/p1846835634.jpg
星际穿越,9.1,科幻,加拿大,https://movie.douban.com/subject/1889243/,https://img3.doubanio.com/view/photo/s_ratio_poster/public/p2206088801.jpg
彩虹,9.0,科幻,加拿大,https://movie.douban.com/subject/1971485/,https://img3.doubanio.com/view/photo/s_ratio_poster/public/p503390374.jpg
岁城璃心-鬼蜮咒原,9.0,动作,大陆,https://movie.douban.com/subject/26298852/,https://img3.doubanio.com/view/photo/s_ratio_poster/public/p2243669803.jpg
魔法门之英雄无敌3：死亡阴影,9.4,动作,美国,https://movie.douban.com/subject/4935231/,https://img3.doubanio.com/lpic/s4432480.jpg
疑犯追踪 试播集,9.4,动作,美国,https://movie.douban.com/subject/24700683/,https://img1.doubanio.com/view/photo/s_ratio_poster/public/p1974739828.jpg
盗梦空间,9.3,动作,美国,https://movie.douban.com/subject/3541415/,https://img3.doubanio.com/view/photo/s_ratio_poster/public/p513344864.jpg
UFC一百场最伟大的比赛,9.3,动作,美国,https://movie.douban.com/subject/4169014/,https://img1.doubanio.com/lpic/s4077247.jpg
黑或白,9.3,动作,美国,https://movie.douban.com/subject/3266982/,https://img3.doubanio.com/view/photo/s_ratio_poster/public/p2502492576.jpg
守望先锋：荣耀,9.2,动作,美国,https://movie.douban.com/subject/27191474/,https://img3.doubanio.com/view/photo/s_ratio_poster/public/p2507062050.jpg
疯狂动物城,9.2,动作,美国,https://movie.douban.com/subject/25662329/,https://img1.doubanio.com/view/photo/s_ratio_poster/public/p2315672647.jpg
教父,9.2,动作,美国,https://movie.douban.com/subject/1291841/,https://img3.doubanio.com/view/photo/s_ratio_poster/public/p2190556185.jpg
守望先锋：双龙,9.3,动作,美国,https://movie.douban.com/subject/26860017/,https://img3.doubanio.com/view/photo/s_ratio_poster/public/p2417863546.jpg
王的哲♂学摔跤,9.2,动作,美国,https://movie.douban.com/subject/2245557/,https://img3.doubanio.com/view/photo/s_ratio_poster/public/p2180258143.jpg
天旋地转,9.2,动作,美国,https://movie.douban.com/subject/5150857/,https://img1.doubanio.com/view/photo/s_ratio_poster/public/p1656099587.jpg
指环王3：王者无敌,9.1,动作,美国,https://movie.douban.com/subject/1291552/,https://img3.doubanio.com/view/photo/s_ratio_poster/public/p1910825503.jpg
两杆大烟枪,9.1,动作,美国,https://movie.douban.com/subject/1293350/,https://img1.doubanio.com/view/photo/s_ratio_poster/public/p792443418.jpg
教父2,9.1,动作,美国,https://movie.douban.com/subject/1299131/,https://img1.doubanio.com/view/photo/s_ratio_poster/public/p2194138787.jpg
黄金三镖客,9.1,动作,美国,https://movie.douban.com/subject/1401118/,https://img1.doubanio.com/view/photo/s_ratio_poster/public/p2101693489.jpg
攀登梅鲁峰,9.1,动作,美国,https://movie.douban.com/subject/26276373/,https://img3.doubanio.com/view/photo/s_ratio_poster/public/p2286660380.jpg
德鲁大叔,9.2,动作,美国,https://movie.douban.com/subject/26665408/,https://img3.doubanio.com/view/photo/s_ratio_poster/public/p2401288743.jpg
梦之帝国：星球大战三部曲的故事,9.1,动作,美国,https://movie.douban.com/subject/3429411/,https://img1.doubanio.com/view/photo/s_ratio_poster/public/p2510214607.jpg
蝙蝠侠：黑暗骑士,9.0,动作,美国,https://movie.douban.com/subject/1851857/,https://img3.doubanio.com/view/photo/s_ratio_poster/public/p462657443.jpg
指环王2：双塔奇兵,9.0,动作,美国,https://movie.douban.com/subject/1291572/,https://img3.doubanio.com/view/photo/s_ratio_poster/public/p909265336.jpg
将军号,9.0,动作,美国,https://movie.douban.com/subject/1292778/,https://img3.doubanio.com/view/photo/s_ratio_poster/public/p2248676081.jpg
稻草人,9.0,动作,美国,https://movie.douban.com/subject/1867778/,https://img1.doubanio.com/view/photo/s_ratio_poster/public/p2503556327.jpg
李小龙：勇士的旅程,9.0,动作,美国,https://movie.douban.com/subject/1305710/,https://img3.doubanio.com/view/photo/s_ratio_poster/public/p2267330935.jpg
双X：这个游戏的名称,9.0,动作,美国,https://movie.douban.com/subject/1294819/,https://img3.doubanio.com/lpic/s3932346.jpg
大话西游之大圣娶亲,9.2,动作,香港,https://movie.douban.com/subject/1292213/,https://img3.doubanio.com/view/photo/s_ratio_poster/public/p2455050536.jpg
无间道,9.0,动作,香港,https://movie.douban.com/subject/1307914/,https://img3.doubanio.com/view/photo/s_ratio_poster/public/p2233971046.jpg
上海滩,9.0,动作,香港,https://movie.douban.com/subject/6311260/,https://img3.doubanio.com/view/photo/s_ratio_poster/public/p2344833803.jpg
李小龙：勇士的旅程,9.0,动作,香港,https://movie.douban.com/subject/1305710/,https://img3.doubanio.com/view/photo/s_ratio_poster/public/p2267330935.jpg
新世纪福音战士剧场版：Air/真心为你,9.4,动作,日本,https://movie.douban.com/subject/1308892/,https://img1.doubanio.com/view/photo/s_ratio_poster/public/p2199653749.jpg
银魂完结篇：直到永远的万事屋,9.3,动作,日本,https://movie.douban.com/subject/11615927/,https://img3.doubanio.com/view/photo/s_ratio_poster/public/p2258024316.jpg
七武士,9.2,动作,日本,https://movie.douban.com/subject/1295399/,https://img3.doubanio.com/view/photo/s_ratio_poster/public/p647099823.jpg
福音战士新剧场版：破,9.2,动作,日本,https://movie.douban.com/subject/2567646/,https://img3.doubanio.com/view/photo/s_ratio_poster/public/p1026522114.jpg
新世纪福音战士剧场版：死与新生,9.2,动作,日本,https://movie.douban.com/subject/1455442/,https://img3.doubanio.com/view/photo/s_ratio_poster/public/p2250120322.jpg
切腹,9.2,动作,日本,https://movie.douban.com/subject/1304920/,https://img3.doubanio.com/view/photo/s_ratio_poster/public/p2151748293.jpg
攻壳机动队SAC 2nd GIG：个别的十一人,9.2,动作,日本,https://movie.douban.com/subject/2352020/,https://img3.doubanio.com/view/photo/s_ratio_poster/public/p2497028401.jpg
新世纪福音战士剧场版：复兴,9.2,动作,日本,https://movie.douban.com/subject/20458867/,https://img3.doubanio.com/view/photo/s_ratio_poster/public/p2227584460.jpg
福音战士新剧场版：序,9.1,动作,日本,https://movie.douban.com/subject/1968790/,https://img3.doubanio.com/view/photo/s_ratio_poster/public/p453715063.jpg
银魂剧场版：新译红樱篇,9.1,动作,日本,https://movie.douban.com/subject/4122194/,https://img3.doubanio.com/view/photo/s_ratio_poster/public/p612363092.jpg
攻壳机动队SAC：笑面男,9.1,动作,日本,https://movie.douban.com/subject/2078804/,https://img1.doubanio.com/view/photo/s_ratio_poster/public/p2207164758.jpg
天元突破剧场版：螺岩篇,9.1,动作,日本,https://movie.douban.com/subject/3727748/,https://img3.doubanio.com/view/photo/s_ratio_poster/public/p937216094.jpg
攻壳机动队2：无罪,9.0,动作,日本,https://movie.douban.com/subject/1291566/,https://img1.doubanio.com/view/photo/s_ratio_poster/public/p453466108.jpg
空之境界 第七章 杀人考察（后）,9.0,动作,日本,https://movie.douban.com/subject/3399553/,https://img3.doubanio.com/view/photo/s_ratio_poster/public/p2202703811.jpg
机动战士高达：逆袭的夏亚,9.0,动作,日本,https://movie.douban.com/subject/1401536/,https://img3.doubanio.com/view/photo/s_ratio_poster/public/p546980785.jpg
数码宝贝：滚球兽的诞生,9.0,动作,日本,https://movie.douban.com/subject/1303927/,https://img3.doubanio.com/view/photo/s_ratio_poster/public/p2282582530.jpg
少女与战车 剧场版,9.0,动作,日本,https://movie.douban.com/subject/24460604/,https://img1.doubanio.com/view/photo/s_ratio_poster/public/p2290872319.jpg
海贼王梅利篇：另一名同伴的故事,9.0,动作,日本,https://movie.douban.com/subject/25711544/,https://img3.doubanio.com/view/photo/s_ratio_poster/public/p2107245311.jpg
乱莺,8.9,动作,日本,https://movie.douban.com/subject/26897405/,https://img3.doubanio.com/view/photo/s_ratio_poster/public/p2461995492.jpg
盗梦空间,9.3,动作,英国,https://movie.douban.com/subject/3541415/,https://img3.doubanio.com/view/photo/s_ratio_poster/public/p513344864.jpg
神秘博士：时间冲撞,9.2,动作,英国,https://movie.douban.com/subject/4188543/,https://img3.doubanio.com/view/photo/s_ratio_poster/public/p523688466.jpg
两杆大烟枪,9.1,动作,英国,https://movie.douban.com/subject/1293350/,https://img1.doubanio.com/view/photo/s_ratio_poster/public/p792443418.jpg
蝙蝠侠：黑暗骑士,9.0,动作,英国,https://movie.douban.com/subject/1851857/,https://img3.doubanio.com/view/photo/s_ratio_poster/public/p462657443.jpg
李小龙：勇士的旅程,9.0,动作,英国,https://movie.douban.com/subject/1305710/,https://img3.doubanio.com/view/photo/s_ratio_poster/public/p2267330935.jpg
双X：这个游戏的名称,9.0,动作,英国,https://movie.douban.com/subject/1294819/,https://img3.doubanio.com/lpic/s3932346.jpg
怒海英雄：公爵夫人与恶魔,9.0,动作,英国,https://movie.douban.com/subject/1889695/,https://img3.doubanio.com/view/photo/s_ratio_poster/public/p2278607774.jpg
这个杀手不太冷,9.4,动作,法国,https://movie.douban.com/subject/1295644/,https://img3.doubanio.com/view/photo/s_ratio_poster/public/p511118051.jpg
98世界杯之旅,9.0,动作,法国,https://movie.douban.com/subject/1998756/,https://img1.doubanio.com/lpic/s2159708.jpg
从海底出击,9.0,动作,德国,https://movie.douban.com/subject/1293909/,https://img3.doubanio.com/view/photo/s_ratio_poster/public/p2088879323.jpg
黄金三镖客,9.1,动作,意大利,https://movie.douban.com/subject/1401118/,https://img1.doubanio.com/view/photo/s_ratio_poster/public/p2101693489.jpg
黄金三镖客,9.1,动作,西班牙,https://movie.douban.com/subject/1401118/,https://img1.doubanio.com/view/photo/s_ratio_poster/public/p2101693489.jpg
攀登梅鲁峰,9.1,动作,印度,https://movie.douban.com/subject/26276373/,https://img3.doubanio.com/view/photo/s_ratio_poster/public/p2286660380.jpg
三十二,9.5,战争,大陆,https://movie.douban.com/subject/26236632/,https://img3.doubanio.com/view/photo/s_ratio_poster/public/p2335693756.jpg
群英会,9.5,战争,大陆,https://movie.douban.com/subject/3069861/,https://img1.doubanio.com/view/photo/s_ratio_poster/public/p2347569318.jpg
发现少校,9.3,战争,大陆,https://movie.douban.com/subject/4195641/,https://img3.doubanio.com/view/photo/s_ratio_poster/public/p2191562413.jpg
鬼子来了,9.2,战争,大陆,https://movie.douban.com/subject/1291858/,https://img3.doubanio.com/view/photo/s_ratio_poster/public/p1181775734.jpg
长征组歌,9.1,战争,大陆,https://movie.douban.com/subject/4917844/,https://img1.doubanio.com/lpic/s4418917.jpg
世纪战争,9.0,战争,大陆,https://movie.douban.com/subject/5940710/,https://img3.doubanio.com/view/photo/s_ratio_poster/public/p2113783920.jpg
岁城璃心-鬼蜮咒原,9.0,战争,大陆,https://movie.douban.com/subject/26298852/,https://img3.doubanio.com/view/photo/s_ratio_poster/public/p2243669803.jpg
辛德勒的名单,9.4,战争,美国,https://movie.douban.com/subject/1295124/,https://img3.doubanio.com/view/photo/s_ratio_poster/public/p492406163.jpg
绝对好奇：细胞战场,9.4,战争,美国,https://movie.douban.com/subject/25716052/,https://img3.doubanio.com/view/photo/s_ratio_poster/public/p2220149342.jpg
苦干——中国不可战胜的秘密,9.4,战争,美国,https://movie.douban.com/subject/5342771/,https://img3.doubanio.com/view/photo/s_ratio_poster/public/p2237736686.jpg
乱世佳人,9.2,战争,美国,https://movie.douban.com/subject/1300267/,https://img3.doubanio.com/view/photo/s_ratio_poster/public/p1963126880.jpg
你逃我也逃,9.2,战争,美国,https://movie.douban.com/subject/1303418/,https://img3.doubanio.com/view/photo/s_ratio_poster/public/p1339915772.jpg
努巴之心,9.2,战争,美国,https://movie.douban.com/subject/27053684/,https://img3.doubanio.com/view/photo/s_ratio_poster/public/p2460154820.jpg
蓝与灰,9.2,战争,美国,https://movie.douban.com/subject/1300008/,https://img3.doubanio.com/lpic/s2609825.jpg
指环王3：王者无敌,9.1,战争,美国,https://movie.douban.com/subject/1291552/,https://img3.doubanio.com/view/photo/s_ratio_poster/public/p1910825503.jpg
革命往事,9.1,战争,美国,https://movie.douban.com/subject/1301026/,https://img1.doubanio.com/view/photo/s_ratio_poster/public/p2206010357.jpg
守望先锋：最后的堡垒,9.2,战争,美国,https://movie.douban.com/subject/26860014/,https://img3.doubanio.com/view/photo/s_ratio_poster/public/p2501625602.jpg
光荣的日子,9.1,战争,美国,https://movie.douban.com/subject/3724036/,https://img3.doubanio.com/view/photo/s_ratio_poster/public/p1112469352.jpg
指环王2：双塔奇兵,9.0,战争,美国,https://movie.douban.com/subject/1291572/,https://img3.doubanio.com/view/photo/s_ratio_poster/public/p909265336.jpg
钢琴家,9.0,战争,美国,https://movie.douban.com/subject/1296736/,https://img3.doubanio.com/view/photo/s_ratio_poster/public/p792484461.jpg
将军号,9.0,战争,美国,https://movie.douban.com/subject/1292778/,https://img3.doubanio.com/view/photo/s_ratio_poster/public/p2248676081.jpg
战地摄影师,9.0,战争,美国,https://movie.douban.com/subject/1305552/,https://img3.doubanio.com/view/photo/s_ratio_poster/public/p1770602466.jpg
看不见的战争,9.0,战争,美国,https://movie.douban.com/subject/5423362/,https://img1.doubanio.com/view/photo/s_ratio_poster/public/p2345583927.jpg
纽伦堡的审判,9.0,战争,美国,https://movie.douban.com/subject/1292589/,https://img3.doubanio.com/view/photo/s_ratio_poster/public/p922207281.jpg
巴格达急诊室,9.0,战争,美国,https://movie.douban.com/subject/1880897/,https://img1.doubanio.com/lpic/s2796288.jpg
二战传奇航母企业号,9.0,战争,美国,https://movie.douban.com/subject/5185474/,https://img3.doubanio.com/view/photo/s_ratio_poster/public/p2263134694.jpg
冲天,9.2,战争,台湾,https://movie.douban.com/subject/26602234/,https://img3.doubanio.com/view/photo/s_ratio_poster/public/p2279974285.jpg
孙立人三部曲,9.1,战争,台湾,https://movie.douban.com/subject/2995929/,https://img3.doubanio.com/lpic/s2982884.jpg
三十二,9.5,战争,日本,https://movie.douban.com/subject/26236632/,https://img3.doubanio.com/view/photo/s_ratio_poster/public/p2335693756.jpg
七武士,9.2,战争,日本,https://movie.douban.com/subject/1295399/,https://img3.doubanio.com/view/photo/s_ratio_poster/public/p647099823.jpg
机动战士高达 THE ORIGIN III 破晓的起义,9.2,战争,日本,https://movie.douban.com/subject/26359261/,https://img3.doubanio.com/view/photo/s_ratio_poster/public/p2325456546.jpg
银河英雄传说：我的征途是星辰大海,9.2,战争,日本,https://movie.douban.com/subject/3542206/,https://img3.doubanio.com/view/photo/s_ratio_poster/public/p486657453.jpg
机动战士高达THE ORIGIN V 激战 鲁姆战役篇,9.2,战争,日本,https://movie.douban.com/subject/26919026/,https://img1.doubanio.com/view/photo/s_ratio_poster/public/p2495283318.jpg
卡里古拉,9.3,战争,日本,https://movie.douban.com/subject/26843144/,https://img3.doubanio.com/view/photo/s_ratio_poster/public/p2369252025.jpg
人间的条件(第五、六部),9.1,战争,日本,https://movie.douban.com/subject/1441039/,https://img3.doubanio.com/view/photo/s_ratio_poster/public/p2327866185.jpg
机动战士高达：逆袭的夏亚,9.0,战争,日本,https://movie.douban.com/subject/1401536/,https://img3.doubanio.com/view/photo/s_ratio_poster/public/p546980785.jpg
少女与战车 剧场版,9.0,战争,日本,https://movie.douban.com/subject/24460604/,https://img1.doubanio.com/view/photo/s_ratio_poster/public/p2290872319.jpg
反叛的鲁路修特别篇：零之镇魂曲,9.0,战争,日本,https://movie.douban.com/subject/6514089/,https://img1.doubanio.com/view/photo/s_ratio_poster/public/p2178971509.jpg
机动战士高达 THE ORIGIN IV 命运前夜,9.0,战争,日本,https://movie.douban.com/subject/26359260/,https://img3.doubanio.com/view/photo/s_ratio_poster/public/p2409626594.jpg
三国志：长江的燃烧,9.0,战争,日本,https://movie.douban.com/subject/4176666/,https://img3.doubanio.com/view/photo/s_ratio_poster/public/p2509584225.jpg
1987：黎明到来的那一天,9.5,战争,韩国,https://movie.douban.com/subject/26933690/,https://img3.doubanio.com/view/photo/s_ratio_poster/public/p2504540131.jpg
从纳粹手中救出的孩子们,9.6,战争,英国,https://movie.douban.com/subject/26715377/,https://img1.doubanio.com/view/photo/s_ratio_poster/public/p2323957637.jpg
法国小馆儿归来,9.6,战争,英国,https://movie.douban.com/subject/5194566/,https://img1.doubanio.com/lpic/s4493287.jpg
抢救切尔诺贝利,9.2,战争,英国,https://movie.douban.com/subject/3057368/,https://img3.doubanio.com/view/photo/s_ratio_poster/public/p2257817213.jpg
怒海英雄：回报,9.2,战争,英国,https://movie.douban.com/subject/1889703/,https://img3.doubanio.com/view/photo/s_ratio_poster/public/p2278610124.jpg
战马,9.1,战争,英国,https://movie.douban.com/subject/25768090/,https://img3.doubanio.com/view/photo/s_ratio_poster/public/p2172204665.jpg
怒海英雄：忠诚,9.0,战争,英国,https://movie.douban.com/subject/1889706/,https://img3.doubanio.com/view/photo/s_ratio_poster/public/p2325137626.jpg
怒海英雄：叛乱,9.0,战争,英国,https://movie.douban.com/subject/1889700/,https://img1.doubanio.com/lpic/s1832238.jpg
光荣的日子,9.1,战争,英国,https://movie.douban.com/subject/3724036/,https://img3.doubanio.com/view/photo/s_ratio_poster/public/p1112469352.jpg
钢琴家,9.0,战争,英国,https://movie.douban.com/subject/1296736/,https://img3.doubanio.com/view/photo/s_ratio_poster/public/p792484461.jpg
看不见的战争,9.0,战争,英国,https://movie.douban.com/subject/5423362/,https://img1.doubanio.com/view/photo/s_ratio_poster/public/p2345583927.jpg
雀斑讲解战争艺术,9.0,战争,英国,https://movie.douban.com/subject/26391184/,https://img3.doubanio.com/view/photo/s_ratio_poster/public/p2244366563.jpg
怒海英雄：火攻船,9.0,战争,英国,https://movie.douban.com/subject/1889694/,https://img3.doubanio.com/view/photo/s_ratio_poster/public/p2278610371.jpg
怒海英雄：公爵夫人与恶魔,9.0,战争,英国,https://movie.douban.com/subject/1889695/,https://img3.doubanio.com/view/photo/s_ratio_poster/public/p2278607774.jpg
抢救切尔诺贝利,9.2,战争,法国,https://movie.douban.com/subject/3057368/,https://img3.doubanio.com/view/photo/s_ratio_poster/public/p2257817213.jpg
地下,9.1,战争,法国,https://movie.douban.com/subject/1292206/,https://img3.doubanio.com/view/photo/s_ratio_poster/public/p1833776334.jpg
夜与雾,9.1,战争,法国,https://movie.douban.com/subject/1298270/,https://img1.doubanio.com/view/photo/s_ratio_poster/public/p2392260238.jpg
光荣的日子,9.1,战争,法国,https://movie.douban.com/subject/3724036/,https://img3.doubanio.com/view/photo/s_ratio_poster/public/p1112469352.jpg
钢琴家,9.0,战争,法国,https://movie.douban.com/subject/1296736/,https://img3.doubanio.com/view/photo/s_ratio_poster/public/p792484461.jpg
沉静如海,9.0,战争,法国,https://movie.douban.com/subject/1769507/,https://img3.doubanio.com/view/photo/s_ratio_poster/public/p2365157916.jpg
窃听风暴,9.1,战争,德国,https://movie.douban.com/subject/1900841/,https://img1.doubanio.com/view/photo/s_ratio_poster/public/p1808872109.jpg
地下,9.1,战争,德国,https://movie.douban.com/subject/1292206/,https://img3.doubanio.com/view/photo/s_ratio_poster/public/p1833776334.jpg
钢琴家,9.0,战争,德国,https://movie.douban.com/subject/1296736/,https://img3.doubanio.com/view/photo/s_ratio_poster/public/p792484461.jpg
沉静如海,9.0,战争,德国,https://movie.douban.com/subject/1769507/,https://img3.doubanio.com/view/photo/s_ratio_poster/public/p2365157916.jpg
从海底出击,9.0,战争,德国,https://movie.douban.com/subject/1293909/,https://img3.doubanio.com/view/photo/s_ratio_poster/public/p2088879323.jpg
纽伦堡的审判,9.0,战争,德国,https://movie.douban.com/subject/1292589/,https://img3.doubanio.com/view/photo/s_ratio_poster/public/p922207281.jpg
美丽人生,9.5,战争,意大利,https://movie.douban.com/subject/1292063/,https://img3.doubanio.com/view/photo/s_ratio_poster/public/p510861873.jpg
革命往事,9.1,战争,意大利,https://movie.douban.com/subject/1301026/,https://img1.doubanio.com/view/photo/s_ratio_poster/public/p2206010357.jpg
抢救切尔诺贝利,9.2,战争,俄罗斯,https://movie.douban.com/subject/3057368/,https://img3.doubanio.com/view/photo/s_ratio_poster/public/p2257817213.jpg
战争与和平3：1812年,9.2,战争,俄罗斯,https://movie.douban.com/subject/1303079/,https://img1.doubanio.com/view/photo/s_ratio_poster/public/p2511436818.jpg
战争与和平2：娜塔莎·罗斯托娃,9.1,战争,俄罗斯,https://movie.douban.com/subject/1303712/,https://img1.doubanio.com/view/photo/s_ratio_poster/public/p2511436787.jpg
战争与和平4：皮埃尔·别祖霍夫,9.1,战争,俄罗斯,https://movie.douban.com/subject/1297822/,https://img3.doubanio.com/view/photo/s_ratio_poster/public/p2511436826.jpg
伟大的爱国战争,9.1,战争,俄罗斯,https://movie.douban.com/subject/4101236/,https://img3.doubanio.com/lpic/s4113984.jpg
士兵之歌,9.0,战争,俄罗斯,https://movie.douban.com/subject/1295614/,https://img1.doubanio.com/view/photo/s_ratio_poster/public/p806332287.jpg
战争与和平,9.0,战争,俄罗斯,https://movie.douban.com/subject/1307067/,https://img3.doubanio.com/view/photo/s_ratio_poster/public/p2074409805.jpg
战争与和平1：安德烈·博尔孔斯基,9.0,战争,俄罗斯,https://movie.douban.com/subject/1298257/,https://img3.doubanio.com/view/photo/s_ratio_poster/public/p2511436741.jpg
